a,b,c,x,y,z
527.6601778263883,343.7255560375832,318.7567372660711,3.119097938162403,0.2313337926285477,-0.8342482454191157
468.648513452562,394.9610825421169,266.69965940765815,-3.1154992103959396,0.08052378529748161,-1.1715998364107603
565.033291635785,362.7265639057043,243.0479626178166,-3.0903764735480177,0.4426939495861548,-0.6212079634424332
524.3458998710655,445.34158121496813,238.26966708034982,3.0913199982661763,0.0014612501491666485,-1.1822152438877347
381.3919653931568,362.7929005265189,235.62900658683026,-3.1342138872929213,-0.1408556316373908,-0.1676439590006616
445.5655210122003,290.34973616070073,266.4974365445164,-2.9171716561537724,-0.02181133180732653,0.14476514944499527
517.5143874874672,336.25986201251067,258.7330869848951,-3.0300966534974973,0.35518416651222795,-0.6358595998818809
402.4756561717651,358.70076060273306,255.18135448777025,2.966381558481929,-0.07124751736990831,0.3856380800152791
438.3306207755489,285.5146695173376,220.1767802618655,-2.964221171389744,0.07253219844076453,-0.07680983930108813
381.6208783161218,380.0090730385624,345.45580396944996,-2.877093321817344,-0.026644373404226762,0.44625030048272607
561.7789562508193,336.4558724409064,208.36007854142304,-3.1345350294071235,0.44635582612942537,-1.117299132628658
583.3814076682686,459.49367714450307,211.2086363291294,2.9752577390613157,0.0153046284237921,-1.2738734792447155
432.11563399541615,440.91561537469306,212.53059163912408,2.9199720953320516,0.012456483090747428,0.03543201300229511
454.6155321291415,361.2418509005513,262.7649475012484,-2.980547997921088,0.06021056447107709,0.19816353166505993
376.9956754039218,360.43152285658994,209.26531987371317,-3.0523985630331425,-0.16499416838919223,-0.08180318480788383
